Transaction_id,Date,Category,RefNo,Withdrawal,Deposit,Balance
1,01-01-2023,Rent,3.00E+11,3950,0,1837.23
2,03-01-2023,Misc,3.00E+11,105,0,1732.23
3,03-01-2023,Misc,3.37E+11,0,55,1787.23
4,03-01-2023,Food,3.00E+11,56,0,1731.23
5,03-01-2023,Misc,3.37E+11,1,0,1730.23
6,03-01-2023,Food,3.00E+11,30,0,1700.23
7,04-01-2023,Misc,3.00E+11,500,0,1200.23
8,04-01-2023,Misc,3.00E+11,1,0,1199.23
9,04-01-2023,Misc,3.00E+11,500,0,699.23
10,10-01-2023,Food,3.01E+11,28,0,671.23
11,10-01-2023,Misc,3.01E+11,149,0,522.23
12,10-01-2023,Food,3.01E+11,10,0,512.23
13,10-01-2023,Misc,3.38E+11,0,1289,1801.23
14,10-01-2023,Food,3.01E+11,51,0,1750.23
15,10-01-2023,Misc,3.38E+11,110,0,1640.23
16,10-01-2023,Food,3.38E+11,40,0,1600.23
17,10-01-2023,Food,3.01E+11,20,0,1580.23
18,10-01-2023,Food,3.38E+11,131.5,0,1448.73
19,10-01-2023,Food,3.38E+11,27,0,1421.73
20,11-01-2023,Food,3.01E+11,50,0,1371.73
21,11-01-2023,Food,3.38E+11,33,0,1338.73
22,11-01-2023,Misc,3.38E+11,0,33,1371.73
23,11-01-2023,Food,3.01E+11,33,0,1338.73
24,11-01-2023,Misc,3.01E+11,0,33,1371.73
25,11-01-2023,Food,3.01E+11,33,0,1338.73
26,11-01-2023,Food,3.38E+11,60,0,1278.73
27,11-01-2023,Food,3.38E+11,30,0,1248.73
28,11-01-2023,Misc,3.38E+11,305,0,943.73
29,11-01-2023,Food,3.38E+11,50,0,893.73
30,11-01-2023,Food,3.01E+11,20,0,873.73
31,12-01-2023,Food,3.38E+11,57,0,816.73
32,12-01-2023,Food,3.01E+11,33,0,783.73
33,12-01-2023,Food,3.38E+11,10,0,773.73
34,12-01-2023,Food,3.01E+11,35,0,738.73
35,12-01-2023,Food,3.01E+11,60,0,678.73
36,12-01-2023,Food,3.38E+11,30,0,648.73
37,12-01-2023,Food,3.01E+11,20,0,628.73
38,13-01-2023,Food,3.38E+11,57,0,571.73
39,13-01-2023,Food,3.01E+11,60,0,511.73
40,13-01-2023,Misc,3.38E+11,480,0,31.73
41,13-01-2023,Food,3.38E+11,12,0,19.73
42,13-01-2023,Misc,3.38E+11,0,2000,2019.73
43,13-01-2023,Misc,3.38E+11,0,120,2139.73
44,13-01-2023,Food,3.01E+11,50,0,2089.73
45,13-01-2023,Misc,3.01E+11,0,200,2289.73
46,13-01-2023,Food,3.38E+11,15,0,2274.73
47,14-01-2023,Food,3.01E+11,40,0,2234.73
48,14-01-2023,Food,3.38E+11,30,0,2204.73
49,14-01-2023,Food,3.01E+11,173.75,0,2030.98
50,14-01-2023,Misc,3.38E+11,0,25,2055.98
51,14-01-2023,Food,3.38E+11,50,0,2005.98
52,14-01-2023,Food,3.38E+11,20,0,1985.98
53,14-01-2023,Misc,3.38E+11,0,10,1995.98
54,14-01-2023,Food,3.38E+11,30,0,1965.98
55,15-01-2023,Misc,3.38E+11,110,0,1855.98
56,15-01-2023,Food,3.02E+11,35,0,1820.98
57,15-01-2023,Misc,3.38E+11,200,0,1620.98
58,15-01-2023,Food,3.38E+11,30,0,1590.98
59,15-01-2023,Food,3.38E+11,40,0,1550.98
60,15-01-2023,Food,3.38E+11,155.24,0,1395.74
61,15-01-2023,Food,3.38E+11,25,0,1370.74
62,16-01-2023,Food,3.02E+11,12,0,1358.74
63,16-01-2023,Food,3.02E+11,33,0,1325.74
64,16-01-2023,Food,3.38E+11,29,0,1296.74
65,16-01-2023,Food,3.38E+11,50,0,1246.74
66,16-01-2023,Food,3.38E+11,60,0,1186.74
67,16-01-2023,Food,3.38E+11,32,0,1154.74
68,16-01-2023,Food,3.38E+11,20,0,1134.74
69,17-01-2023,Food,3.02E+11,37,0,1097.74
70,17-01-2023,Misc,3.02E+11,272,0,825.74
71,17-01-2023,Food,3.38E+11,70,0,755.74
72,17-01-2023,Food,3.38E+11,30,0,725.74
73,17-01-2023,Food,3.02E+11,85,0,640.74
74,17-01-2023,Food,3.38E+11,20,0,620.74
75,17-01-2023,Food,3.38E+11,20,0,600.74
76,18-01-2023,Food,3.38E+11,10,0,590.74
77,18-01-2023,Food,3.02E+11,33,0,557.74
78,18-01-2023,Food,3.38E+11,20,0,537.74
79,18-01-2023,Food,3.38E+11,60,0,477.74
80,18-01-2023,Food,3.38E+11,40,0,437.74
81,18-01-2023,Food,3.38E+11,40,0,397.74
82,19-01-2023,Misc,3.02E+11,0,120,517.74
83,19-01-2023,Misc,3.39E+11,130,0,387.74
84,19-01-2023,Food,3.39E+11,30,0,357.74
85,19-01-2023,Food,3.39E+11,12,0,345.74
86,19-01-2023,Food,3.02E+11,25,0,320.74
87,19-01-2023,Food,3.02E+11,55,0,265.74
88,20-01-2023,Food,3.39E+11,10,0,255.74
89,20-01-2023,Food,3.39E+11,42,0,213.74
90,20-01-2023,Food,3.39E+11,30,0,183.74
91,20-01-2023,Food,3.02E+11,20,0,163.74
92,20-01-2023,Food,3.39E+11,40,0,123.74
93,20-01-2023,Misc,3.39E+11,0,500,623.74
94,21-01-2023,Food,3.02E+11,42,0,581.74
95,21-01-2023,Food,3.02E+11,80,0,501.74
96,21-01-2023,Food,3.02E+11,30,0,471.74
97,21-01-2023,Food,3.39E+11,25,0,446.74
98,21-01-2023,Misc,3.39E+11,200,0,246.74
99,21-01-2023,Food,3.02E+11,30,0,216.74
100,21-01-2023,Misc,3.39E+11,200,0,16.74
101,22-01-2023,Misc,3.02E+11,0,2000,2016.74
102,22-01-2023,Food,3.39E+11,61,0,1955.74
103,22-01-2023,Misc,3.39E+11,115,0,1840.74
104,22-01-2023,Food,3.39E+11,30,0,1810.74
105,23-01-2023,Food,3.02E+11,15,0,1795.74
106,23-01-2023,Food,3.02E+11,33,0,1762.74
107,23-01-2023,Food,3.39E+11,65,0,1697.74
108,23-01-2023,Food,3.39E+11,30,0,1667.74
109,23-01-2023,Food,3.02E+11,70,0,1597.74
110,23-01-2023,Misc,3.39E+11,0,35,1632.74
111,23-01-2023,Food,3.39E+11,30,0,1602.74
112,24-01-2023,Food,3.39E+11,20,0,1582.74
113,24-01-2023,Food,3.39E+11,90,0,1492.74
114,24-01-2023,Food,3.02E+11,75,0,1417.74
115,24-01-2023,Food,3.02E+11,20,0,1397.74
116,24-01-2023,Food,3.39E+11,50,0,1347.74
117,25-01-2023,Food,3.03E+11,28,0,1319.74
118,25-01-2023,Salary,CHASR23023738798,0,34800,36119.74
119,25-01-2023,Food,3.39E+11,65,0,36054.74
120,25-01-2023,Food,3.03E+11,27,0,36027.74
121,25-01-2023,Food,3.03E+11,30,0,35997.74
122,25-01-2023,Misc,3.39E+11,10000,0,25997.74
123,25-01-2023,Misc,3.39E+11,350,0,25647.74
124,25-01-2023,Food,3.39E+11,40,0,25607.74
125,25-01-2023,Misc,3.39E+11,2,0,25605.74
126,25-01-2023,Misc,3.39E+11,135,0,25470.74
127,26-01-2023,Food,3.03E+11,20,0,25450.74
128,26-01-2023,Misc,3.03E+11,120,0,25330.74
129,26-01-2023,Shopping,3.03E+11,1081,0,24249.74
130,26-01-2023,Misc,3.03E+11,5000,0,19249.74
131,26-01-2023,Misc,3.39E+11,299,0,18950.74
132,26-01-2023,Misc,3.39E+11,2000,0,16950.74
133,26-01-2023,Misc,3.03E+11,1000,0,15950.74
134,26-01-2023,Misc,3.39E+11,0,5000,20950.74
135,26-01-2023,Misc,3.39E+11,5000,0,15950.74
136,26-01-2023,Food,3.39E+11,163.28,0,15787.46
137,27-01-2023,Food,3.03E+11,24,0,15763.46
138,27-01-2023,Misc,3.39E+11,288,0,15475.46
139,27-01-2023,Food,3.39E+11,70,0,15405.46
140,27-01-2023,Misc,3.39E+11,0,72,15477.46
141,27-01-2023,Misc,3.03E+11,0,7000,22477.46
142,27-01-2023,Misc,3.03E+11,17500,0,4977.46
143,27-01-2023,Food,3.39E+11,40,0,4937.46
144,27-01-2023,Food,3.39E+11,80,0,4857.46
145,28-01-2023,Food,3.39E+11,40,0,4817.46
146,28-01-2023,Food,3.03E+11,40,0,4777.46
147,28-01-2023,Misc,3.03E+11,1000,0,3777.46
148,28-01-2023,Food,3.39E+11,40,0,3737.46
149,29-01-2023,Food,3.40E+11,20,0,3717.46
150,29-01-2023,Food,3.03E+11,40,0,3677.46
151,29-01-2023,Misc,3.40E+11,149,0,3528.46
152,29-01-2023,Misc,3.03E+11,250,0,3278.46
153,29-01-2023,Misc,3.40E+11,250,0,3028.46
154,29-01-2023,Misc,3.40E+11,500,0,2528.46
155,29-01-2023,Food,3.40E+11,189.05,0,2339.41
156,29-01-2023,Food,3.40E+11,40,0,2299.41
157,30-01-2023,Food,3.03E+11,50,0,2249.41
158,30-01-2023,Food,3.40E+11,85,0,2164.41
159,30-01-2023,Food,3.40E+11,50,0,2114.41
160,30-01-2023,Food,3.40E+11,90,0,2024.41
161,30-01-2023,Food,3.40E+11,20,0,2004.41
162,31-01-2023,Food,3.03E+11,28,0,1976.41
163,31-01-2023,Misc,3.40E+11,125,0,1851.41
164,31-01-2023,Food,3.03E+11,40,0,1811.41
165,31-01-2023,Misc,3.03E+11,0,10000,11811.41
166,31-01-2023,Food,3.40E+11,154.44,0,11656.97
167,01-02-2023,Food,3.03E+11,30,0,11626.97
168,01-02-2023,Food,3.40E+11,20,0,11606.97
169,01-02-2023,Food,3.03E+11,80,0,11526.97
170,02-02-2023,Rent,3.03E+11,5776,0,5750.97
171,02-02-2023,Food,3.40E+11,20,0,5730.97
172,02-02-2023,Food,3.03E+11,144.87,0,5586.1
173,02-02-2023,Food,3.40E+11,40,0,5546.1
174,02-02-2023,Food,3.40E+11,30,0,5516.1
175,02-02-2023,Misc,3.40E+11,170,0,5346.1
176,03-02-2023,Food,3.03E+11,28,0,5318.1
177,03-02-2023,Food,3.40E+11,50,0,5268.1
178,03-02-2023,Misc,3.03E+11,500,0,4768.1
179,03-02-2023,Misc,3.03E+11,0,500,5268.1
180,03-02-2023,Food,3.40E+11,17,0,5251.1
181,03-02-2023,Misc,3.40E+11,190,0,5061.1
182,03-02-2023,Food,3.40E+11,40,0,5021.1
183,04-02-2023,Misc,3.04E+11,200,0,4821.1
184,04-02-2023,Food,3.40E+11,30,0,4791.1
185,04-02-2023,Food,3.04E+11,40,0,4751.1
186,04-02-2023,Misc,3.40E+11,0,152,4903.1
187,04-02-2023,Misc,3.40E+11,140,0,4763.1
188,04-02-2023,Food,3.40E+11,30,0,4733.1
189,04-02-2023,Food,3.40E+11,40,0,4693.1
190,05-02-2023,Food,3.40E+11,40,0,4653.1
191,05-02-2023,Misc,3.40E+11,180,0,4473.1
192,06-02-2023,Food,3.40E+11,80,0,4393.1
193,06-02-2023,Food,3.40E+11,100,0,4293.1
194,06-02-2023,Food,3.04E+11,20,0,4273.1
195,06-02-2023,Misc,3.04E+11,700,0,3573.1
196,06-02-2023,Food,3.40E+11,20,0,3553.1
197,07-02-2023,Food,3.40E+11,65,0,3488.1
198,07-02-2023,Food,3.04E+11,36,0,3452.1
199,07-02-2023,Food,3.40E+11,40,0,3412.1
200,07-02-2023,Food,3.40E+11,10,0,3402.1
201,08-02-2023,Food,3.41E+11,150.28,0,3251.82
202,08-02-2023,Food,3.04E+11,20,0,3231.82
203,08-02-2023,Misc,3.04E+11,500,0,2731.82
204,08-02-2023,Food,3.41E+11,30,0,2701.82
205,09-02-2023,Food,3.04E+11,33,0,2668.82
206,09-02-2023,Food,3.41E+11,30,0,2638.82
207,09-02-2023,Shopping,3.04E+11,474,0,2164.82
208,09-02-2023,Food,3.41E+11,32,0,2132.82
209,09-02-2023,Food,3.41E+11,20,0,2112.82
210,10-02-2023,Food,3.04E+11,40,0,2072.82
211,10-02-2023,Food,3.41E+11,54,0,2018.82
212,10-02-2023,Food,3.41E+11,51,0,1967.82
213,10-02-2023,Food,3.04E+11,60,0,1907.82
214,10-02-2023,Food,3.04E+11,39,0,1868.82
215,10-02-2023,Food,3.41E+11,30,0,1838.82
216,10-02-2023,Food,3.41E+11,52,0,1786.82
217,11-02-2023,Shopping,3.04E+11,0,249,2035.82
218,11-02-2023,Shopping,3.04E+11,0,225,2260.82
219,11-02-2023,Shopping,3.04E+11,261,0,1999.82
220,11-02-2023,Food,3.04E+11,32,0,1967.82
221,11-02-2023,Food,3.04E+11,150.28,0,1817.54
222,11-02-2023,Food,3.41E+11,60,0,1757.54
223,11-02-2023,Misc,3.04E+11,0,500,2257.54
224,12-02-2023,Misc,3.41E+11,330,0,1927.54
225,12-02-2023,Food,3.41E+11,44,0,1883.54
226,12-02-2023,Food,3.41E+11,100,0,1783.54
227,12-02-2023,Misc,3.04E+11,500,0,1283.54
228,12-02-2023,Misc,3.04E+11,117,0,1166.54
229,12-02-2023,Food,3.04E+11,25,0,1141.54
230,12-02-2023,Food,3.04E+11,30,0,1111.54
231,13-02-2023,Food,3.04E+11,40,0,1071.54
232,13-02-2023,Food,3.41E+11,173.7,0,897.84
233,13-02-2023,Food,3.04E+11,67,0,830.84
234,13-02-2023,Food,3.41E+11,40,0,790.84
235,14-02-2023,Food,3.41E+11,40,0,750.84
236,14-02-2023,Food,3.05E+11,242.45,0,508.39
237,14-02-2023,Food,3.05E+11,60,0,448.39
238,15-02-2023,Food,3.05E+11,40,0,408.39
239,15-02-2023,Food,3.05E+11,148,0,260.39
240,15-02-2023,Misc,3.05E+11,130,0,130.39
241,16-02-2023,Food,3.05E+11,30,0,100.39
242,16-02-2023,Food,3.41E+11,40,0,60.39
243,16-02-2023,Misc,3.05E+11,0,80,140.39
244,16-02-2023,Food,3.05E+11,100,0,40.39
245,16-02-2023,Misc,3.41E+11,0,1500,1540.39
246,17-02-2023,Misc,3.05E+11,5,0,1535.39
247,17-02-2023,Food,3.41E+11,20,0,1515.39
248,17-02-2023,Food,3.05E+11,30,0,1485.39
249,17-02-2023,Food,3.41E+11,65,0,1420.39
250,17-02-2023,Food,3.41E+11,30,0,1390.39
251,17-02-2023,Food,3.41E+11,70,0,1320.39
252,17-02-2023,Food,3.05E+11,50,0,1270.39
253,17-02-2023,Misc,3.05E+11,475,0,795.39
254,17-02-2023,Food,3.41E+11,30,0,765.39
255,18-02-2023,Food,3.42E+11,10,0,755.39
256,18-02-2023,Food,3.05E+11,60,0,695.39
257,18-02-2023,Food,3.42E+11,20,0,675.39
258,18-02-2023,Food,3.42E+11,70,0,605.39
259,18-02-2023,Food,3.42E+11,20,0,585.39
260,19-02-2023,Misc,3.05E+11,150.5,0,434.89
261,19-02-2023,Misc,3.05E+11,136,0,298.89
262,19-02-2023,Misc,3.42E+11,8,0,290.89
263,19-02-2023,Food,3.05E+11,67,0,223.89
264,19-02-2023,Food,3.05E+11,100,0,123.89
265,19-02-2023,Food,3.42E+11,40,0,83.89
266,20-02-2023,Food,3.42E+11,40,0,43.89
267,20-02-2023,Misc,3.42E+11,0,500,543.89
268,20-02-2023,Food,3.05E+11,65,0,478.89
269,20-02-2023,Food,3.42E+11,20,0,458.89
270,20-02-2023,Food,3.05E+11,45,0,413.89
271,21-02-2023,Food,3.42E+11,33,0,380.89
272,21-02-2023,Food,3.05E+11,40,0,340.89
273,21-02-2023,Food,3.42E+11,30,0,310.89
274,21-02-2023,Food,3.05E+11,50,0,260.89
275,21-02-2023,Food,3.05E+11,35,0,225.89
276,22-02-2023,Misc,3.42E+11,0,6000,6225.89
277,22-02-2023,Misc,3.05E+11,5500,0,725.89
278,22-02-2023,Food,3.42E+11,50,0,675.89
279,22-02-2023,Food,3.42E+11,35,0,640.89
280,22-02-2023,Food,3.05E+11,50,0,590.89
281,22-02-2023,Food,3.05E+11,42,0,548.89
282,23-02-2023,Food,3.42E+11,20,0,528.89
283,23-02-2023,Food,3.05E+11,40,0,488.89
284,23-02-2023,Misc,3.42E+11,400,0,88.89
285,23-02-2023,Food,3.05E+11,30,0,58.89
286,23-02-2023,Food,3.05E+11,40,0,18.89
287,24-02-2023,Salary,CHASS23053481613,0,34800,34818.89
288,24-02-2023,Food,3.06E+11,70,0,34748.89
289,24-02-2023,Food,3.06E+11,40,0,34708.89
290,24-02-2023,Misc,3.06E+11,799,0,33909.89
291,24-02-2023,Misc,3.42E+11,180,0,33729.89
292,24-02-2023,Food,3.42E+11,75,0,33654.89
293,24-02-2023,Misc,3.06E+11,642,0,33012.89
294,24-02-2023,Food,3.42E+11,12,0,33000.89
295,25-02-2023,Misc,3.42E+11,10000,0,23000.89
296,25-02-2023,Misc,3.06E+11,140,0,22860.89
297,25-02-2023,Food,3.42E+11,20,0,22840.89
298,25-02-2023,Food,3.42E+11,10,0,22830.89
299,25-02-2023,Food,3.42E+11,40,0,22790.89
300,25-02-2023,Misc,3.42E+11,500,0,22290.89
301,25-02-2023,Food,3.42E+11,25,0,22265.89
302,25-02-2023,Misc,3.42E+11,0,2000,24265.89
303,25-02-2023,Misc,3.42E+11,4003,0,20262.89
304,26-02-2023,Food,3.06E+11,34,0,20228.89
305,26-02-2023,Food,3.06E+11,22,0,20206.89
306,26-02-2023,Food,3.06E+11,10,0,20196.89
307,26-02-2023,Misc,3.06E+11,0,3400,23596.89
308,26-02-2023,Food,3.42E+11,20,0,23576.89
309,26-02-2023,Misc,3.06E+11,4000,0,19576.89
310,26-02-2023,Shopping,3.06E+11,251,0,19325.89
311,26-02-2023,Misc,3.42E+11,1000,0,18325.89
312,26-02-2023,Shopping,3.42E+11,429,0,17896.89
313,26-02-2023,Misc,3.06E+11,2000,0,15896.89
314,26-02-2023,Misc,3.06E+11,302,0,15594.89
315,27-02-2023,Shopping,3.06E+11,299,0,15295.89
316,27-02-2023,Food,3.06E+11,20,0,15275.89
317,27-02-2023,Food,3.42E+11,40,0,15235.89
318,27-02-2023,Misc,3.06E+11,570,0,14665.89
319,27-02-2023,Misc,3.06E+11,306,0,14359.89
320,27-02-2023,Food,3.06E+11,100,0,14259.89
321,27-02-2023,Misc,3.06E+11,1315,0,12944.89
322,27-02-2023,Food,3.42E+11,25,0,12919.89
323,27-02-2023,Food,3.42E+11,20,0,12899.89
324,28-02-2023,Food,3.06E+11,68,0,12831.89
325,28-02-2023,Food,3.43E+11,65,0,12766.89
326,28-02-2023,Food,3.43E+11,40,0,12726.89
327,28-02-2023,Misc,3.06E+11,830,0,11896.89
328,01-03-2023,Food,3.43E+11,60,0,11836.89
329,01-03-2023,Food,3.43E+11,30,0,11806.89
330,02-03-2023,Food,3.43E+11,28,0,11778.89
331,02-03-2023,Misc,3.43E+11,110,0,11668.89
332,02-03-2023,Food,3.43E+11,50,0,11618.89
333,02-03-2023,Misc,3.43E+11,500,0,11118.89
334,02-03-2023,Food,3.43E+11,30,0,11088.89
335,03-03-2023,Food,3.43E+11,33,0,11055.89
336,03-03-2023,Misc,3.43E+11,240,0,10815.89
337,03-03-2023,Food,3.43E+11,60,0,10755.89
338,03-03-2023,Rent,3.06E+11,6490,0,4265.89
339,03-03-2023,Food,3.06E+11,35,0,4230.89
340,04-03-2023,Misc,3.06E+11,105,0,4125.89
341,04-03-2023,Food,3.06E+11,10,0,4115.89
342,04-03-2023,Food,3.43E+11,30,0,4085.89
343,04-03-2023,Food,3.43E+11,25,0,4060.89
344,04-03-2023,Misc,3.06E+11,200,0,3860.89
345,04-03-2023,Misc,3.43E+11,420,0,3440.89
346,04-03-2023,Food,3.43E+11,40,0,3400.89
347,05-03-2023,Food,3.06E+11,30,0,3370.89
348,05-03-2023,Food,3.43E+11,100,0,3270.89
349,05-03-2023,Misc,3.06E+11,300,0,2970.89
350,05-03-2023,Food,3.06E+11,40,0,2930.89
351,05-03-2023,Misc,3.06E+11,500,0,2430.89
352,05-03-2023,Food,3.06E+11,20,0,2410.89
353,06-03-2023,Misc,3.43E+11,0,131,2541.89
354,06-03-2023,Food,3.43E+11,50,0,2491.89
355,06-03-2023,Food,3.07E+11,37,0,2454.89
356,06-03-2023,Food,3.43E+11,40,0,2414.89
357,07-03-2023,Food,3.43E+11,72,0,2342.89
358,07-03-2023,Food,3.43E+11,50,0,2292.89
359,07-03-2023,Food,3.07E+11,25,0,2267.89
360,07-03-2023,Food,3.43E+11,35,0,2232.89
361,08-03-2023,Misc,3.07E+11,7,0,2225.89
362,08-03-2023,Food,3.07E+11,30,0,2195.89
363,08-03-2023,Food,3.07E+11,75,0,2120.89
364,08-03-2023,Misc,3.07E+11,150.5,0,1970.39
365,08-03-2023,Food,3.07E+11,40,0,1930.39
366,09-03-2023,Food,3.07E+11,99,0,1831.39
367,09-03-2023,Food,3.07E+11,34,0,1797.39
368,09-03-2023,Misc,3.43E+11,205,0,1592.39
369,09-03-2023,Food,3.43E+11,60,0,1532.39
370,09-03-2023,Food,3.07E+11,79,0,1453.39
371,09-03-2023,Food,3.43E+11,160.87,0,1292.52
372,10-03-2023,Food,3.07E+11,50,0,1242.52
373,10-03-2023,Food,3.44E+11,50,0,1192.52
374,10-03-2023,Food,3.07E+11,214.96,0,977.56
375,10-03-2023,Misc,3.07E+11,0,300,1277.56
376,10-03-2023,Food,3.07E+11,70,0,1207.56
377,11-03-2023,Food,3.07E+11,62,0,1145.56
378,11-03-2023,Misc,3.44E+11,0,210,1355.56
379,11-03-2023,Misc,3.07E+11,500,0,855.56
380,11-03-2023,Food,3.44E+11,60,0,795.56
381,11-03-2023,Food,3.44E+11,25.3,0,770.26
382,12-03-2023,Misc,3.07E+11,300,0,470.26
383,12-03-2023,Food,3.07E+11,30,0,440.26
384,12-03-2023,Food,3.07E+11,40,0,400.26
385,12-03-2023,Food,3.44E+11,54,0,346.26
386,12-03-2023,Food,3.44E+11,40,0,306.26
387,13-03-2023,Food,3.07E+11,20,0,286.26
388,13-03-2023,Food,3.07E+11,47,0,239.26
389,13-03-2023,Food,3.44E+11,65,0,174.26
390,13-03-2023,Food,3.07E+11,50,0,124.26
391,13-03-2023,Food,3.07E+11,85,0,39.26
392,14-03-2023,Misc,3.07E+11,0,1000,1039.26
393,14-03-2023,Food,3.44E+11,79,0,960.26
394,14-03-2023,Food,3.07E+11,30,0,930.26
395,14-03-2023,Food,3.07E+11,55,0,875.26
396,15-03-2023,Food,3.44E+11,33,0,842.26
397,15-03-2023,Food,3.44E+11,50,0,792.26
398,15-03-2023,Food,3.07E+11,55,0,737.26
399,16-03-2023,Misc,3.08E+11,136,0,601.26
400,16-03-2023,Food,3.44E+11,50,0,551.26
401,16-03-2023,Food,3.44E+11,35,0,516.26
402,16-03-2023,Food,3.08E+11,30,0,486.26
403,16-03-2023,Food,3.08E+11,65,0,421.26
404,17-03-2023,Food,3.08E+11,50,0,371.26
405,17-03-2023,Food,3.08E+11,30,0,341.26
406,17-03-2023,Food,3.08E+11,30,0,311.26
407,17-03-2023,Food,3.08E+11,75,0,236.26
408,18-03-2023,Food,3.44E+11,30,0,206.26
409,18-03-2023,Food,3.08E+11,35,0,171.26
410,18-03-2023,Food,3.08E+11,30,0,141.26
411,19-03-2023,Food,3.44E+11,61,0,80.26
412,19-03-2023,Food,3.08E+11,30,0,50.26
413,19-03-2023,Food,3.08E+11,10,0,40.26
414,20-03-2023,Food,3.08E+11,30,0,10.26
415,21-03-2023,Misc,3.08E+11,0,60,70.26
416,21-03-2023,Misc,3.45E+11,0,40,110.26
417,22-03-2023,Misc,3.45E+11,2,0,108.26
418,22-03-2023,Food,3.45E+11,42,0,66.26
419,24-03-2023,Salary,CHAST23081324539,0,34800,34866.26
420,24-03-2023,Misc,3.45E+11,11000,0,23866.26
421,24-03-2023,Misc,3.45E+11,1926.72,0,21939.54
422,24-03-2023,Shopping,3.08E+11,670,0,21269.54
423,24-03-2023,Misc,3.45E+11,1479,0,19790.54
424,24-03-2023,Food,3.08E+11,81,0,19709.54
425,24-03-2023,Food,3.45E+11,48,0,19661.54
426,24-03-2023,Food,3.45E+11,72,0,19589.54
427,24-03-2023,Food,3.08E+11,42,0,19547.54
428,24-03-2023,Misc,3.08E+11,5000,0,14547.54
429,24-03-2023,Misc,3.08E+11,660,0,13887.54
430,24-03-2023,Food,3.45E+11,66,0,13821.54
431,24-03-2023,Food,3.45E+11,30,0,13791.54
432,24-03-2023,Food,3.45E+11,100,0,13691.54
433,24-03-2023,Misc,3.08E+11,1500,0,12191.54
434,24-03-2023,Food,3.08E+11,10,0,12181.54
435,25-03-2023,Food,3.08E+11,76,0,12105.54
436,25-03-2023,Food,3.45E+11,22,0,12083.54
437,25-03-2023,Food,3.45E+11,87,0,11996.54
438,25-03-2023,Misc,3.08E+11,470,0,11526.54
439,25-03-2023,Misc,3.08E+11,2826,0,8700.54
440,26-03-2023,Food,3.09E+11,32,0,8668.54
441,26-03-2023,Food,3.09E+11,72,0,8596.54
442,26-03-2023,Food,3.45E+11,10,0,8586.54
443,26-03-2023,Misc,3.45E+11,0,421,9007.54
444,26-03-2023,Misc,3.09E+11,150,0,8857.54
445,26-03-2023,Food,3.09E+11,80,0,8777.54
446,26-03-2023,Food,3.45E+11,41,0,8736.54
447,26-03-2023,Misc,3.45E+11,0,1000,9736.54
448,26-03-2023,Misc,3.09E+11,0,802,10538.54
449,26-03-2023,Misc,3.09E+11,0,927,11465.54
450,26-03-2023,Food,3.09E+11,10,0,11455.54
451,27-03-2023,Shopping,3.45E+11,254,0,11201.54
452,27-03-2023,Misc,3.45E+11,0,5130,16331.54
453,27-03-2023,Food,3.45E+11,40,0,16291.54
454,28-03-2023,Misc,3.45E+11,210.9,0,16080.64
455,28-03-2023,Misc,3.45E+11,144,0,15936.64
456,28-03-2023,Misc,3.09E+11,1000,0,14936.64
457,28-03-2023,Food,3.45E+11,52,0,14884.64
458,28-03-2023,Food,3.45E+11,30,0,14854.64
459,28-03-2023,Food,3.45E+11,42,0,14812.64
460,29-03-2023,Food,3.45E+11,22,0,14790.64
461,29-03-2023,Food,3.45E+11,32,0,14758.64
462,29-03-2023,Misc,3.45E+11,353,0,14405.64
463,29-03-2023,Food,3.45E+11,42,0,14363.64
464,29-03-2023,Food,3.09E+11,15.35,0,14348.29
465,29-03-2023,Misc,3.09E+11,220,0,14128.29
466,29-03-2023,Food,3.45E+11,20,0,14108.29
467,30-03-2023,Food,3.46E+11,90,0,14018.29
468,30-03-2023,Misc,3.46E+11,150,0,13868.29
469,30-03-2023,Food,3.46E+11,42,0,13826.29
470,30-03-2023,Food,3.46E+11,15.35,0,13810.94
471,30-03-2023,Misc,3.46E+11,354,0,13456.94
472,30-03-2023,Food,3.46E+11,55,0,13401.94
473,30-03-2023,Food,3.09E+11,75,0,13326.94
474,30-03-2023,Food,3.09E+11,50,0,13276.94
475,31-03-2023,Food,3.46E+11,47,0,13229.94
476,31-03-2023,Food,3.46E+11,40,0,13189.94
477,31-03-2023,Misc,3.46E+11,115,0,13074.94
478,31-03-2023,Food,3.46E+11,22,0,13052.94
479,01-04-2023,Rent,3.09E+11,6356,0,6696.94
480,01-04-2023,Misc,0,0,32,6728.94
481,01-04-2023,Food,3.09E+11,42,0,6686.94
482,01-04-2023,Food,3.09E+11,267.15,0,6419.79
483,01-04-2023,Misc,3.09E+11,550,0,5869.79
484,01-04-2023,Food,3.46E+11,42,0,5827.79
485,02-04-2023,Food,3.46E+11,32,0,5795.79
486,02-04-2023,Misc,3.09E+11,150,0,5645.79
487,02-04-2023,Misc,3.46E+11,1200,0,4445.79
488,03-04-2023,Misc,3.46E+11,0,1200,5645.79
489,03-04-2023,Food,3.46E+11,82,0,5563.79
490,03-04-2023,Food,3.09E+11,85,0,5478.79
491,03-04-2023,Misc,3.09E+11,295,0,5183.79
492,03-04-2023,Food,3.09E+11,20,0,5163.79
493,03-04-2023,Food,3.46E+11,10,0,5153.79
494,04-04-2023,Misc,3.46E+11,150,0,5003.79
495,04-04-2023,Food,3.46E+11,52,0,4951.79
496,04-04-2023,Misc,3.09E+11,1000,0,3951.79
497,04-04-2023,Misc,3.46E+11,144,0,3807.79
498,04-04-2023,Food,3.09E+11,65,0,3742.79
499,04-04-2023,Shopping,3.46E+11,54,0,3688.79
500,05-04-2023,Shopping,3.10E+11,0,54,3742.79
501,05-04-2023,Misc,3.10E+11,2000,0,1742.79
502,05-04-2023,Food,3.10E+11,42,0,1700.79
503,05-04-2023,Misc,3.10E+11,300,0,1400.79
504,05-04-2023,Food,3.10E+11,90,0,1310.79
505,06-04-2023,Food,3.10E+11,30,0,1280.79
506,06-04-2023,Food,3.10E+11,20,0,1260.79
507,06-04-2023,Misc,3.46E+11,250,0,1010.79
508,06-04-2023,Misc,3.10E+11,120,0,890.79
509,06-04-2023,Food,3.10E+11,20,0,870.79
510,07-04-2023,Food,3.10E+11,55,0,815.79
511,07-04-2023,Food,3.10E+11,10,0,805.79
512,07-04-2023,Food,3.10E+11,50,0,755.79
513,07-04-2023,Food,3.46E+11,32,0,723.79
514,07-04-2023,Food,3.10E+11,65,0,658.79
515,07-04-2023,Food,3.10E+11,20,0,638.79
516,07-04-2023,Misc,3.46E+11,220,0,418.79
517,07-04-2023,Food,3.46E+11,51,0,367.79
518,08-04-2023,Food,3.46E+11,50,0,317.79
519,08-04-2023,Misc,3.10E+11,0,1000,1317.79
520,08-04-2023,Food,3.46E+11,70,0,1247.79
521,08-04-2023,Food,3.10E+11,208.28,0,1039.51
522,09-04-2023,Misc,3.47E+11,310,0,729.51
523,09-04-2023,Food,3.47E+11,76,0,653.51
524,09-04-2023,Food,3.47E+11,100,0,553.51
525,09-04-2023,Food,3.47E+11,20,0,533.51
526,10-04-2023,Misc,3.47E+11,138,0,395.51
527,10-04-2023,Misc,3.10E+11,0,4000,4395.51
528,10-04-2023,Misc,3.10E+11,3000,0,1395.51
529,10-04-2023,Misc,3.47E+11,140,0,1255.51
530,10-04-2023,Food,3.47E+11,20,0,1235.51
531,11-04-2023,Food,3.10E+11,40,0,1195.51
532,11-04-2023,Food,3.47E+11,65,0,1130.51
533,11-04-2023,Misc,3.47E+11,140,0,990.51
534,12-04-2023,Food,3.47E+11,20,0,970.51
535,12-04-2023,Food,3.47E+11,46,0,924.51
536,12-04-2023,Misc,3.10E+11,0,1000,1924.51
537,12-04-2023,Misc,3.10E+11,0,300,2224.51
538,12-04-2023,Misc,3.47E+11,185,0,2039.51
539,12-04-2023,Food,3.47E+11,80,0,1959.51
540,13-04-2023,Food,3.47E+11,72,0,1887.51
541,13-04-2023,Food,3.10E+11,50,0,1837.51
542,13-04-2023,Food,3.10E+11,25,0,1812.51
543,13-04-2023,Food,3.10E+11,56,0,1756.51
544,13-04-2023,Food,3.47E+11,220.68,0,1535.83
545,13-04-2023,Food,3.47E+11,86,0,1449.83
546,14-04-2023,Food,3.47E+11,65,0,1384.83
547,14-04-2023,Food,3.10E+11,66,0,1318.83
548,14-04-2023,Food,3.47E+11,100,0,1218.83
549,14-04-2023,Misc,3.47E+11,160,0,1058.83
550,14-04-2023,Food,3.47E+11,70,0,988.83
551,15-04-2023,Food,3.11E+11,30,0,958.83
552,15-04-2023,Food,3.11E+11,100,0,858.83
553,15-04-2023,Food,3.47E+11,272.26,0,586.57
554,15-04-2023,Misc,3.47E+11,110,0,476.57
555,15-04-2023,Food,3.47E+11,75,0,401.57
556,15-04-2023,Food,3.47E+11,40,0,361.57
557,16-04-2023,Misc,3.11E+11,9,0,352.57
558,16-04-2023,Misc,3.47E+11,0,500,852.57
559,16-04-2023,Misc,3.47E+11,120,0,732.57
560,16-04-2023,Food,3.47E+11,50,0,682.57
561,16-04-2023,Shopping,3.47E+11,189,0,493.57
562,16-04-2023,Food,3.47E+11,30,0,463.57
563,16-04-2023,Food,3.47E+11,65,0,398.57
564,16-04-2023,Food,3.47E+11,10,0,388.57
565,16-04-2023,Food,3.11E+11,30,0,358.57
566,16-04-2023,Food,3.47E+11,80,0,278.57
567,16-04-2023,Food,3.47E+11,45,0,233.57
568,17-04-2023,Food,3.47E+11,65,0,168.57
569,17-04-2023,Food,3.11E+11,50,0,118.57
570,17-04-2023,Food,3.11E+11,15.3,0,103.27
571,17-04-2023,Food,3.47E+11,30,0,73.27
572,18-04-2023,Food,3.47E+11,20,0,53.27
573,19-04-2023,Food,3.11E+11,40,0,13.27
574,19-04-2023,Misc,3.48E+11,0,35,48.27
575,20-04-2023,Misc,3.11E+11,0,1180,1228.27
576,20-04-2023,Food,3.11E+11,41,0,1187.27
577,20-04-2023,Food,3.11E+11,20,0,1167.27
578,20-04-2023,Food,3.48E+11,41,0,1126.27
579,20-04-2023,Food,3.48E+11,90,0,1036.27
580,20-04-2023,Food,3.48E+11,75,0,961.27
581,21-04-2023,Food,3.11E+11,60,0,901.27
582,21-04-2023,Food,3.48E+11,90,0,811.27
583,21-04-2023,Misc,3.48E+11,130,0,681.27
584,21-04-2023,Food,3.48E+11,231.4,0,449.87
585,22-04-2023,Food,3.11E+11,40,0,409.87
586,22-04-2023,Misc,3.48E+11,120,0,289.87
587,22-04-2023,Food,3.48E+11,50,0,239.87
588,22-04-2023,Food,3.11E+11,25,0,214.87
589,22-04-2023,Food,3.11E+11,20,0,194.87
590,22-04-2023,Food,3.48E+11,50,0,144.87
591,22-04-2023,Food,3.48E+11,90,0,54.87
592,22-04-2023,Food,3.48E+11,35,0,19.87
593,22-04-2023,Food,3.48E+11,10,0,9.87
594,23-04-2023,Misc,3.11E+11,0,1745,1754.87
595,23-04-2023,Misc,3.48E+11,730,0,1024.87
596,23-04-2023,Food,3.48E+11,20,0,1004.87
597,23-04-2023,Food,3.48E+11,65,0,939.87
598,24-04-2023,Food,3.11E+11,40,0,899.87
599,24-04-2023,Food,3.11E+11,20,0,879.87
600,24-04-2023,Food,3.48E+11,20,0,859.87
601,24-04-2023,Food,3.48E+11,78,0,781.87
602,24-04-2023,Misc,3.11E+11,0,539,1320.87
603,24-04-2023,Food,3.48E+11,40,0,1280.87
604,24-04-2023,Food,3.48E+11,85,0,1195.87
605,24-04-2023,Food,3.11E+11,15.3,0,1180.57
606,24-04-2023,Food,3.48E+11,30,0,1150.57
607,24-04-2023,Food,3.48E+11,342.4,0,808.17
608,24-04-2023,Food,3.48E+11,0,292.4,1100.57
609,24-04-2023,Food,3.48E+11,205.45,0,895.12
610,25-04-2023,Food,3.12E+11,29.3,0,865.82
611,25-04-2023,Salary,CHAST23111858452,0,34800,35665.82
612,25-04-2023,Misc,3.12E+11,10000,0,25665.82
613,25-04-2023,Misc,3.12E+11,999,0,24666.82
614,25-04-2023,Misc,3.48E+11,110,0,24556.82
615,25-04-2023,Food,3.48E+11,50,0,24506.82
616,25-04-2023,Misc,3.12E+11,1,0,24505.82
617,25-04-2023,Misc,3.12E+11,4999,0,19506.82
618,25-04-2023,Misc,3.48E+11,275,0,19231.82
619,25-04-2023,Misc,3.12E+11,0,141,19372.82
620,25-04-2023,Food,3.48E+11,92,0,19280.82
621,25-04-2023,Food,3.48E+11,28,0,19252.82
622,26-04-2023,Shopping,3.12E+11,399,0,18853.82
623,26-04-2023,Food,3.48E+11,95,0,18758.82
624,26-04-2023,Shopping,3.48E+11,539,0,18219.82
625,26-04-2023,Food,3.12E+11,85,0,18134.82
626,26-04-2023,Misc,3.48E+11,0,1000,19134.82
627,26-04-2023,Misc,3.48E+11,120,0,19014.82
628,26-04-2023,Food,3.48E+11,30,0,18984.82
629,27-04-2023,Food,3.12E+11,30,0,18954.82
630,27-04-2023,Shopping,3.12E+11,400,0,18554.82
631,27-04-2023,Misc,3.12E+11,190,0,18364.82
632,27-04-2023,Shopping,3.12E+11,0,400,18764.82
633,27-04-2023,Misc,3.12E+11,2023,0,16741.82
634,27-04-2023,Food,3.12E+11,15,0,16726.82
635,27-04-2023,Food,3.12E+11,287.95,0,16438.87
636,27-04-2023,Shopping,3.48E+11,700,0,15738.87
637,27-04-2023,Food,3.48E+11,20,0,15718.87
638,27-04-2023,Food,3.12E+11,100,0,15618.87
639,27-04-2023,Food,3.48E+11,100,0,15518.87
640,27-04-2023,Food,3.48E+11,28,0,15490.87
641,28-04-2023,Food,3.12E+11,10,0,15480.87
642,28-04-2023,Food,3.12E+11,70,0,15410.87
643,28-04-2023,Food,3.12E+11,10,0,15400.87
644,28-04-2023,Misc,3.48E+11,180,0,15220.87
645,28-04-2023,Misc,3.48E+11,0,120,15340.87
646,28-04-2023,Food,3.48E+11,30,0,15310.87
647,28-04-2023,Food,3.48E+11,75,0,15235.87
648,28-04-2023,Food,3.48E+11,42,0,15193.87
649,28-04-2023,Misc,3.48E+11,180,0,15013.87
650,28-04-2023,Misc,3.12E+11,0,90,15103.87
651,28-04-2023,Food,3.48E+11,35,0,15068.87
652,28-04-2023,Food,3.48E+11,30,0,15038.87
653,29-04-2023,Misc,3.49E+11,220,0,14818.87
654,29-04-2023,Food,3.49E+11,40,0,14778.87
655,29-04-2023,Food,3.12E+11,75,0,14703.87
656,29-04-2023,Misc,3.49E+11,280,0,14423.87
657,29-04-2023,Misc,3.49E+11,120,0,14303.87
658,29-04-2023,Food,3.49E+11,60,0,14243.87
659,29-04-2023,Food,3.49E+11,40,0,14203.87
660,30-04-2023,Food,3.12E+11,64,0,14139.87
661,30-04-2023,Food,3.12E+11,80,0,14059.87
662,30-04-2023,Shopping,3.49E+11,1044,0,13015.87
663,30-04-2023,Food,3.49E+11,300.35,0,12715.52
664,30-04-2023,Food,3.49E+11,85,0,12630.52
665,30-04-2023,Misc,3.49E+11,152,0,12478.52
666,30-04-2023,Food,3.49E+11,50,0,12428.52
667,01-05-2023,Rent,3.12E+11,6463,0,5965.52
668,01-05-2023,Food,3.12E+11,65,0,5900.52
669,01-05-2023,Misc,3.12E+11,0,350,6250.52
670,01-05-2023,Misc,3.12E+11,240,0,6010.52
671,01-05-2023,Misc,3.12E+11,0,120,6130.52
672,01-05-2023,Food,3.12E+11,35,0,6095.52
673,01-05-2023,Food,3.49E+11,30,0,6065.52
674,01-05-2023,Food,3.49E+11,30,0,6035.52
675,01-05-2023,Food,3.49E+11,80,0,5955.52
676,02-05-2023,Food,3.49E+11,260.35,0,5695.17
677,02-05-2023,Food,3.49E+11,50,0,5645.17
678,02-05-2023,Food,3.12E+11,10,0,5635.17
679,02-05-2023,Misc,3.49E+11,150,0,5485.17
680,02-05-2023,Misc,3.49E+11,0,75,5560.17
681,02-05-2023,Food,3.49E+11,45,0,5515.17
682,02-05-2023,Food,3.49E+11,30,0,5485.17
683,02-05-2023,Misc,3.49E+11,1391.16,0,4094.01
684,03-05-2023,Food,3.49E+11,69,0,4025.01
685,03-05-2023,Food,3.49E+11,40,0,3985.01
686,03-05-2023,Food,3.49E+11,85,0,3900.01
687,03-05-2023,Misc,3.49E+11,180,0,3720.01
688,03-05-2023,Food,3.49E+11,20,0,3700.01
689,04-05-2023,Food,3.49E+11,26,0,3674.01
690,04-05-2023,Food,3.12E+11,10,0,3664.01
691,04-05-2023,Food,3.49E+11,30,0,3634.01
692,04-05-2023,Food,3.12E+11,10,0,3624.01
693,04-05-2023,Food,3.12E+11,396.9,0,3227.11
694,04-05-2023,Food,3.49E+11,20,0,3207.11
695,04-05-2023,Food,3.12E+11,64,0,3143.11
696,05-05-2023,Misc,3.49E+11,0,95,3238.11
697,05-05-2023,Misc,3.49E+11,175,0,3063.11
698,05-05-2023,Food,3.49E+11,40,0,3023.11
699,05-05-2023,Food,3.13E+11,76,0,2947.11
700,05-05-2023,Food,3.13E+11,100,0,2847.11
701,05-05-2023,Misc,3.49E+11,933,0,1914.11
702,05-05-2023,Food,3.49E+11,40,0,1874.11
703,06-05-2023,Food,3.13E+11,77,0,1797.11
704,06-05-2023,Food,3.13E+11,44,0,1753.11
705,06-05-2023,Misc,3.13E+11,150,0,1603.11
706,06-05-2023,Food,3.13E+11,40,0,1563.11
707,06-05-2023,Misc,3.49E+11,240,0,1323.11
708,06-05-2023,Food,3.49E+11,30,0,1293.11
709,06-05-2023,Misc,3.49E+11,113,0,1180.11
710,07-05-2023,Food,3.49E+11,48,0,1132.11
711,07-05-2023,Misc,3.13E+11,0,1132,2264.11
712,07-05-2023,Misc,3.49E+11,0,136,2400.11
713,07-05-2023,Misc,3.49E+11,0,636,3036.11
714,07-05-2023,Food,3.49E+11,80,0,2956.11
715,07-05-2023,Food,3.49E+11,10,0,2946.11
716,07-05-2023,Misc,3.49E+11,0,936,3882.11
717,07-05-2023,Food,3.49E+11,52,0,3830.11
718,07-05-2023,Food,3.49E+11,20,0,3810.11
719,07-05-2023,Misc,3.49E+11,0,681,4491.11
720,08-05-2023,Food,3.49E+11,65,0,4426.11
721,08-05-2023,Food,3.49E+11,40,0,4386.11
722,08-05-2023,Food,3.49E+11,75,0,4311.11
723,09-05-2023,Food,3.13E+11,40,0,4271.11
724,09-05-2023,Food,3.13E+11,90,0,4181.11
725,09-05-2023,Food,3.13E+11,10,0,4171.11
726,09-05-2023,Food,3.50E+11,247.75,0,3923.36
727,09-05-2023,Food,3.50E+11,100,0,3823.36
728,09-05-2023,Misc,3.13E+11,0,10,3833.36
729,09-05-2023,Food,3.13E+11,35,0,3798.36
730,09-05-2023,Misc,3.50E+11,398,0,3400.36
731,09-05-2023,Misc,3.13E+11,0,155,3555.36
732,09-05-2023,Food,3.50E+11,60,0,3495.36
733,10-05-2023,Food,3.50E+11,0,10,3505.36
734,10-05-2023,Misc,3.13E+11,0,70,3575.36
735,10-05-2023,Misc,3.13E+11,139,0,3436.36
736,10-05-2023,Misc,3.50E+11,500,0,2936.36
737,10-05-2023,Misc,3.13E+11,0,500,3436.36
738,10-05-2023,Food,3.50E+11,40,0,3396.36
739,10-05-2023,Misc,3.50E+11,284,0,3112.36
740,11-05-2023,Food,3.50E+11,85,0,3027.36
741,11-05-2023,Food,3.50E+11,50,0,2977.36
742,11-05-2023,Food,3.50E+11,75,0,2902.36
743,11-05-2023,Misc,3.50E+11,326,0,2576.36
744,11-05-2023,Food,3.50E+11,36,0,2540.36
745,12-05-2023,Misc,3.50E+11,0,95,2635.36
746,12-05-2023,Misc,3.50E+11,380,0,2255.36
747,12-05-2023,Misc,3.50E+11,0,190,2445.36
748,12-05-2023,Food,3.50E+11,50,0,2395.36
749,12-05-2023,Food,3.50E+11,41,0,2354.36
750,12-05-2023,Misc,3.13E+11,1041,0,1313.36
751,12-05-2023,Food,3.13E+11,41,0,1272.36
752,12-05-2023,Food,3.50E+11,20,0,1252.36
753,12-05-2023,Food,3.50E+11,30,0,1222.36
754,12-05-2023,Misc,3.50E+11,385,0,837.36
755,12-05-2023,Misc,3.50E+11,0,105,942.36
756,13-05-2023,Misc,3.13E+11,0,130,1072.36
757,13-05-2023,Misc,3.50E+11,125,0,947.36
758,13-05-2023,Food,3.50E+11,40,0,907.36
759,13-05-2023,Misc,3.50E+11,120,0,787.36
760,14-05-2023,Misc,3.50E+11,121,0,666.36
761,14-05-2023,Food,3.13E+11,40,0,626.36
762,14-05-2023,Food,3.50E+11,60,0,566.36
763,14-05-2023,Misc,3.13E+11,154.5,0,411.86
764,14-05-2023,Food,3.13E+11,45,0,366.86
765,14-05-2023,Food,3.50E+11,75,0,291.86
766,14-05-2023,Misc,3.13E+11,0,60,351.86
767,14-05-2023,Misc,3.13E+11,0,120,471.86
768,15-05-2023,Misc,3.14E+11,0,500,971.86
769,15-05-2023,Food,3.50E+11,65,0,906.86
770,15-05-2023,Food,3.50E+11,50,0,856.86
771,15-05-2023,Food,3.50E+11,65,0,791.86
772,16-05-2023,Food,3.14E+11,54,0,737.86
773,16-05-2023,Misc,3.50E+11,140,0,597.86
774,16-05-2023,Food,3.50E+11,60,0,537.86
775,16-05-2023,Food,3.50E+11,30,0,507.86
776,16-05-2023,Food,3.14E+11,20,0,487.86
777,16-05-2023,Misc,3.50E+11,101,0,386.86
778,17-05-2023,Food,3.50E+11,75,0,311.86
779,17-05-2023,Food,3.14E+11,60,0,251.86
780,17-05-2023,Food,3.50E+11,54,0,197.86
781,17-05-2023,Misc,3.50E+11,150,0,47.86
782,17-05-2023,Food,3.50E+11,40,0,7.86
783,18-05-2023,Misc,3.50E+11,0,170,177.86
784,18-05-2023,Food,3.50E+11,80,0,97.86
785,18-05-2023,Misc,3.50E+11,0,1000,1097.86
786,18-05-2023,Food,3.50E+11,55,0,1042.86
787,18-05-2023,Food,3.50E+11,44,0,998.86
788,19-05-2023,Food,3.14E+11,50,0,948.86
789,19-05-2023,Misc,3.51E+11,140,0,808.86
790,19-05-2023,Food,3.14E+11,30,0,778.86
791,19-05-2023,Food,3.51E+11,76,0,702.86
792,20-05-2023,Misc,3.51E+11,500,0,202.86
793,20-05-2023,Food,3.51E+11,33,0,169.86
794,20-05-2023,Food,3.14E+11,58,0,111.86
795,20-05-2023,Food,3.14E+11,95,0,16.86
796,21-05-2023,Misc,3.51E+11,0,110,126.86
797,22-05-2023,Food,3.51E+11,10,0,116.86
798,23-05-2023,Food,3.51E+11,72,0,44.86
799,23-05-2023,Misc,3.14E+11,0,300,344.86
800,23-05-2023,Food,3.14E+11,90,0,254.86
801,23-05-2023,Food,3.51E+11,30,0,224.86
802,24-05-2023,Food,3.51E+11,30,0,194.86
803,25-05-2023,Salary,CHASU23143454301,0,34800,34994.86
804,25-05-2023,Misc,3.15E+11,1000,0,33994.86
805,25-05-2023,Misc,3.15E+11,10000,0,23994.86
806,25-05-2023,Misc,3.51E+11,270,0,23724.86
807,25-05-2023,Food,3.51E+11,40,0,23684.86
808,25-05-2023,Food,3.51E+11,72,0,23612.86
809,25-05-2023,Food,3.51E+11,20,0,23592.86
810,25-05-2023,Food,3.51E+11,363.9,0,23228.96
811,25-05-2023,Misc,3.51E+11,10000,0,13228.96
812,25-05-2023,Food,3.51E+11,40,0,13188.96
813,26-05-2023,Misc,3.15E+11,0,10,13198.96
814,26-05-2023,Misc,3.15E+11,239,0,12959.96
815,26-05-2023,Food,3.51E+11,65,0,12894.96
816,26-05-2023,Food,3.15E+11,50,0,12844.96
817,26-05-2023,Misc,3.51E+11,2185,0,10659.96
818,26-05-2023,Misc,3.51E+11,200,0,10459.96
819,26-05-2023,Misc,3.51E+11,115,0,10344.96
820,26-05-2023,Misc,3.51E+11,204,0,10140.96
821,27-05-2023,Food,3.15E+11,10,0,10130.96
822,27-05-2023,Food,3.15E+11,10,0,10120.96
823,27-05-2023,Misc,3.51E+11,307,0,9813.96
824,27-05-2023,Misc,3.51E+11,0,675,10488.96
825,27-05-2023,Misc,3.51E+11,1500,0,8988.96
826,27-05-2023,Misc,3.51E+11,180,0,8808.96
827,27-05-2023,Food,3.51E+11,20,0,8788.96
828,27-05-2023,Misc,3.15E+11,0,675,9463.96
829,28-05-2023,Shopping,3.51E+11,197,0,9266.96
830,28-05-2023,Food,3.51E+11,80,0,9186.96
831,28-05-2023,Food,3.51E+11,100,0,9086.96
832,28-05-2023,Food,3.51E+11,55,0,9031.96
833,28-05-2023,Misc,3.15E+11,364,0,8667.96
834,28-05-2023,Shopping,3.15E+11,186,0,8481.96
835,28-05-2023,Food,3.51E+11,30,0,8451.96
836,01-06-2023,Shopping,3.15E+11,0,186,8637.96
837,02-06-2023,Food,3.52E+11,30,0,8607.96
838,02-06-2023,Misc,3.52E+11,160,0,8447.96
839,02-06-2023,Food,3.52E+11,90,0,8357.96
840,03-06-2023,Shopping,3.15E+11,454,0,7903.96
841,03-06-2023,Food,3.15E+11,30,0,7873.96
842,03-06-2023,Misc,3.52E+11,170.01,0,7703.95
843,03-06-2023,Misc,3.52E+11,105,0,7598.95
844,03-06-2023,Food,3.15E+11,35,0,7563.95
845,03-06-2023,Food,3.15E+11,20,0,7543.95
846,03-06-2023,Misc,3.15E+11,0,130,7673.95
847,03-06-2023,Food,3.52E+11,36,0,7637.95
848,03-06-2023,Misc,3.52E+11,390,0,7247.95
849,03-06-2023,Food,3.52E+11,50,0,7197.95
850,04-06-2023,Food,3.52E+11,35,0,7162.95
851,04-06-2023,Misc,3.52E+11,963,0,6199.95
852,04-06-2023,Misc,3.52E+11,0,190,6389.95
853,04-06-2023,Food,3.16E+11,65,0,6324.95
854,04-06-2023,Food,3.52E+11,384.9,0,5940.05
855,04-06-2023,Food,3.52E+11,20,0,5920.05
856,05-06-2023,Food,3.16E+11,34,0,5886.05
857,05-06-2023,Food,3.52E+11,65,0,5821.05
858,05-06-2023,Food,3.16E+11,40,0,5781.05
859,05-06-2023,Misc,3.52E+11,628,0,5153.05
860,05-06-2023,Misc,3.52E+11,8,0,5145.05
861,06-06-2023,Food,3.52E+11,30,0,5115.05
862,06-06-2023,Food,3.52E+11,251.25,0,4863.8
863,06-06-2023,Food,3.52E+11,20,0,4843.8
864,06-06-2023,Food,3.52E+11,50,0,4793.8
865,06-06-2023,Food,3.52E+11,14.25,0,4779.55
866,06-06-2023,Misc,3.16E+11,150,0,4629.55
867,06-06-2023,Misc,3.52E+11,515,0,4114.55
868,06-06-2023,Food,3.52E+11,50,0,4064.55
869,07-06-2023,Food,3.52E+11,80,0,3984.55
870,07-06-2023,Food,3.52E+11,40,0,3944.55
871,07-06-2023,Food,3.16E+11,40,0,3904.55
872,07-06-2023,Food,3.16E+11,40,0,3864.55
873,07-06-2023,Misc,3.52E+11,0,1600,5464.55
874,07-06-2023,Misc,3.52E+11,130,0,5334.55
875,08-06-2023,Food,3.16E+11,34,0,5300.55
876,08-06-2023,Misc,3.53E+11,125,0,5175.55
877,08-06-2023,Misc,3.53E+11,0,65,5240.55
878,08-06-2023,Food,3.16E+11,10,0,5230.55
879,08-06-2023,Food,3.53E+11,50,0,5180.55
880,08-06-2023,Food,3.16E+11,50,0,5130.55
881,08-06-2023,Food,3.53E+11,70,0,5060.55
882,08-06-2023,Food,3.53E+11,40,0,5020.55
883,09-06-2023,Misc,3.16E+11,0,72,5092.55
884,09-06-2023,Misc,3.53E+11,137,0,4955.55
885,09-06-2023,Misc,3.53E+11,0,171,5126.55
886,09-06-2023,Food,3.53E+11,50,0,5076.55
887,09-06-2023,Food,3.16E+11,60,0,5016.55
888,09-06-2023,Misc,3.53E+11,0,8000,13016.55
889,09-06-2023,Misc,3.53E+11,8000,0,5016.55
890,09-06-2023,Misc,3.53E+11,125,0,4891.55
891,10-06-2023,Food,3.53E+11,40,0,4851.55
892,10-06-2023,Food,3.53E+11,70,0,4781.55
893,10-06-2023,Misc,3.16E+11,150,0,4631.55
894,10-06-2023,Misc,3.53E+11,344,0,4287.55
895,10-06-2023,Food,3.53E+11,30,0,4257.55
896,11-06-2023,Misc,3.53E+11,450,0,3807.55
897,11-06-2023,Misc,3.53E+11,350,0,3457.55
898,11-06-2023,Misc,3.53E+11,140,0,3317.55
899,12-06-2023,Food,3.53E+11,44,0,3273.55
900,12-06-2023,Food,3.53E+11,40,0,3233.55
901,12-06-2023,Misc,3.16E+11,0,3000,6233.55
902,12-06-2023,Misc,3.16E+11,3000,0,3233.55
903,12-06-2023,Food,3.16E+11,34,0,3199.55
904,12-06-2023,Food,3.53E+11,50,0,3149.55
905,12-06-2023,Food,3.53E+11,25,0,3124.55
906,12-06-2023,Food,3.53E+11,56,0,3068.55
907,13-06-2023,Food,3.53E+11,55,0,3013.55
908,13-06-2023,Food,3.53E+11,30,0,2983.55
909,13-06-2023,Food,3.53E+11,50,0,2933.55
910,13-06-2023,Food,3.53E+11,100,0,2833.55
911,13-06-2023,Food,3.16E+11,20,0,2813.55
912,13-06-2023,Food,3.16E+11,30,0,2783.55
913,13-06-2023,Misc,3.53E+11,0,1000,3783.55
914,13-06-2023,Food,3.53E+11,28,0,3755.55
915,14-06-2023,Food,3.17E+11,40,0,3715.55
916,14-06-2023,Misc,3.53E+11,1100,0,2615.55
917,14-06-2023,Misc,3.17E+11,125,0,2490.55
918,14-06-2023,Food,3.17E+11,100,0,2390.55
919,14-06-2023,Misc,3.53E+11,385,0,2005.55
920,14-06-2023,Misc,3.17E+11,750,0,1255.55
921,15-06-2023,Food,3.17E+11,10,0,1245.55
922,15-06-2023,Misc,3.17E+11,138,0,1107.55
923,15-06-2023,Food,3.17E+11,10,0,1097.55
924,16-06-2023,Food,3.17E+11,100,0,997.55
925,16-06-2023,Food,3.17E+11,60,0,937.55
926,16-06-2023,Food,3.53E+11,100,0,837.55
927,17-06-2023,Food,3.53E+11,60,0,777.55
928,17-06-2023,Food,3.53E+11,10,0,767.55
929,18-06-2023,Food,3.17E+11,20,0,747.55
930,18-06-2023,Food,3.17E+11,10,0,737.55
931,18-06-2023,Food,3.54E+11,20,0,717.55
932,18-06-2023,Food,3.54E+11,40,0,677.55
933,18-06-2023,Food,3.54E+11,50,0,627.55
934,19-06-2023,Food,3.54E+11,20,0,607.55
935,19-06-2023,Misc,3.17E+11,0,400,1007.55
936,19-06-2023,Misc,3.54E+11,327,0,680.55
937,20-06-2023,Food,3.54E+11,25,0,655.55
938,21-06-2023,Food,3.54E+11,20,0,635.55
939,21-06-2023,Food,3.54E+11,55,0,580.55
940,21-06-2023,Food,3.54E+11,40,0,540.55
941,21-06-2023,Food,3.54E+11,10,0,530.55
942,21-06-2023,Food,3.54E+11,20,0,510.55
943,21-06-2023,Misc,3.17E+11,8.26,0,502.29
944,23-06-2023,Salary,CHASU23172917734,0,34800,35302.29
945,23-06-2023,Misc,3.17E+11,2000,0,33302.29
946,23-06-2023,Misc,3.54E+11,3000,0,30302.29
947,24-06-2023,Misc,3.18E+11,10000,0,20302.29
948,24-06-2023,Misc,3.18E+11,1000,0,19302.29
949,24-06-2023,Food,3.18E+11,100,0,19202.29
950,24-06-2023,Misc,3.18E+11,409,0,18793.29
951,24-06-2023,Misc,3.18E+11,200,0,18593.29
952,24-06-2023,Misc,3.18E+11,424,0,18169.29
953,25-06-2023,Misc,3.54E+11,600,0,17569.29
954,25-06-2023,Food,3.54E+11,100,0,17469.29
955,26-06-2023,Misc,3.54E+11,5000,0,12469.29
956,26-06-2023,Misc,3.18E+11,528.44,0,11940.85
957,26-06-2023,Misc,3.18E+11,0,1,11941.85
958,27-06-2023,Food,3.54E+11,100,0,11841.85
959,27-06-2023,Misc,3.18E+11,2100,0,9741.85
960,27-06-2023,Misc,3.54E+11,119,0,9622.85
961,28-06-2023,Misc,3.18E+11,500,0,9122.85
962,28-06-2023,Misc,3.55E+11,7630,0,1492.85
963,30-06-2023,Misc,3.55E+11,467,0,1025.85
964,01-07-2023,Misc,0,0,34,1059.85
965,01-07-2023,Food,3.55E+11,20,0,1039.85
966,01-07-2023,Food,3.18E+11,20,0,1019.85
967,01-07-2023,Food,3.18E+11,20,0,999.85
968,02-07-2023,Misc,3.18E+11,0,10,1009.85
969,04-07-2023,Misc,3.55E+11,125,0,884.85
970,05-07-2023,Food,3.55E+11,40,0,844.85
971,05-07-2023,Food,3.19E+11,50,0,794.85
972,08-07-2023,Misc,3.07E+11,0,1.13,795.98
973,08-07-2023,Food,3.56E+11,50,0,745.98
974,08-07-2023,Misc,3.56E+11,0,7800,8545.98
975,08-07-2023,Misc,3.56E+11,7800,0,745.98
976,09-07-2023,Shopping,3.19E+11,184,0,561.98
977,10-07-2023,Misc,3.56E+11,0,2500,3061.98
978,10-07-2023,Food,3.19E+11,100,0,2961.98
979,10-07-2023,Misc,3.19E+11,1100,0,1861.98
980,10-07-2023,Food,3.56E+11,30,0,1831.98
981,11-07-2023,Food,3.19E+11,20,0,1811.98
982,11-07-2023,Misc,3.19E+11,170,0,1641.98
983,11-07-2023,Misc,3.19E+11,140,0,1501.98
984,11-07-2023,Food,3.19E+11,20,0,1481.98
985,11-07-2023,Food,3.19E+11,20,0,1461.98
986,12-07-2023,Misc,3.07E+11,0,125.96,1587.94
987,12-07-2023,Misc,3.56E+11,125,0,1462.94
988,12-07-2023,Food,3.19E+11,24,0,1438.94
989,12-07-2023,Food,3.19E+11,10,0,1428.94
990,12-07-2023,Food,3.19E+11,30,0,1398.94
991,13-07-2023,Food,3.19E+11,60,0,1338.94
992,13-07-2023,Food,3.56E+11,198.32,0,1140.62
993,13-07-2023,Food,3.19E+11,50,0,1090.62
994,13-07-2023,Food,3.19E+11,50,0,1040.62
995,13-07-2023,Food,3.19E+11,20,0,1020.62
996,13-07-2023,Food,3.19E+11,10,0,1010.62
997,14-07-2023,Misc,3.20E+11,5,0,1005.62
998,14-07-2023,Misc,3.20E+11,270,0,735.62
999,14-07-2023,Food,3.20E+11,70,0,665.62
1000,14-07-2023,Food,3.20E+11,10,0,655.62
1001,14-07-2023,Food,3.20E+11,40,0,615.62
1002,14-07-2023,Food,3.20E+11,71,0,544.62
1003,15-07-2023,Food,3.20E+11,40,0,504.62
1004,15-07-2023,Food,3.20E+11,40,0,464.62
1005,15-07-2023,Misc,3.20E+11,345,0,119.62
1006,16-07-2023,Food,3.20E+11,20,0,99.62
1007,16-07-2023,Food,3.20E+11,40,0,59.62
1008,16-07-2023,Food,3.20E+11,20,0,39.62
1009,17-07-2023,Food,3.20E+11,30,0,9.62
1010,19-07-2023,Misc,3.57E+11,0,1000,1009.62
1011,20-07-2023,Food,3.20E+11,100,0,909.62
1012,20-07-2023,Food,3.20E+11,30,0,879.62
1013,20-07-2023,Food,3.20E+11,70,0,809.62
1014,20-07-2023,Food,3.20E+11,50,0,759.62
1015,20-07-2023,Food,3.20E+11,40,0,719.62
1016,20-07-2023,Misc,3.20E+11,207,0,512.62
1017,21-07-2023,Food,3.20E+11,92,0,420.62
1018,21-07-2023,Misc,3.20E+11,250,0,170.62
1019,21-07-2023,Misc,3.20E+11,0,1000,1170.62
1020,21-07-2023,Food,3.20E+11,58,0,1112.62
1021,21-07-2023,Misc,3.20E+11,220,0,892.62
1022,21-07-2023,Food,3.20E+11,50,0,842.62
1023,22-07-2023,Food,3.20E+11,100,0,742.62
1024,22-07-2023,Food,3.20E+11,41,0,701.62
1025,22-07-2023,Food,3.20E+11,41,0,660.62
1026,22-07-2023,Food,3.20E+11,50,0,610.62
1027,22-07-2023,Food,3.20E+11,90,0,520.62
1028,22-07-2023,Food,3.20E+11,40,0,480.62
1029,22-07-2023,Food,3.20E+11,10,0,470.62
1030,22-07-2023,Food,3.20E+11,30,0,440.62
1031,23-07-2023,Misc,3.57E+11,0,500,940.62
1032,23-07-2023,Food,3.20E+11,10,0,930.62
1033,23-07-2023,Misc,3.20E+11,160,0,770.62
1034,23-07-2023,Food,3.20E+11,30,0,740.62
1035,23-07-2023,Food,3.20E+11,30,0,710.62
1036,23-07-2023,Misc,3.20E+11,180,0,530.62
1037,23-07-2023,Food,3.20E+11,51,0,479.62
1038,23-07-2023,Food,3.20E+11,10,0,469.62
1039,24-07-2023,Food,3.21E+11,20,0,449.62
1040,24-07-2023,Food,3.21E+11,20,0,429.62
1041,24-07-2023,Misc,3.21E+11,170,0,259.62
1042,24-07-2023,Food,3.21E+11,50,0,209.62
1043,24-07-2023,Food,3.21E+11,50,0,159.62
1044,25-07-2023,Salary,CHASV23202393703,0,34800,34959.62
1045,25-07-2023,Shopping,3.21E+11,2553,0,32406.62
1046,25-07-2023,Misc,3.21E+11,10000,0,22406.62
1047,25-07-2023,Food,3.57E+11,50,0,22356.62
1048,25-07-2023,Misc,3.21E+11,1001,0,21355.62
1049,25-07-2023,Misc,3.21E+11,130,0,21225.62
1050,25-07-2023,Food,3.21E+11,60,0,21165.62
1051,25-07-2023,Misc,3.21E+11,7500,0,13665.62
1052,25-07-2023,Food,3.21E+11,70,0,13595.62
1053,25-07-2023,Misc,3.21E+11,350,0,13245.62
1054,25-07-2023,Food,3.21E+11,30,0,13215.62
1055,25-07-2023,Shopping,3.57E+11,259,0,12956.62
1056,26-07-2023,Shopping,3.21E+11,0,259,13215.62
1057,26-07-2023,Shopping,3.21E+11,249,0,12966.62
1058,26-07-2023,Misc,3.21E+11,1000,0,11966.62
1059,26-07-2023,Food,3.21E+11,40,0,11926.62
1060,26-07-2023,Misc,3.21E+11,1500,0,10426.62
1061,26-07-2023,Misc,3.21E+11,150,0,10276.62
1062,26-07-2023,Food,3.21E+11,60,0,10216.62
1063,26-07-2023,Misc,3.21E+11,480,0,9736.62
1064,26-07-2023,Food,3.21E+11,40,0,9696.62
1065,26-07-2023,Misc,3.21E+11,200,0,9496.62
1066,27-07-2023,Misc,3.21E+11,108,0,9388.62
1067,27-07-2023,Food,3.21E+11,100,0,9288.62
1068,27-07-2023,Misc,3.21E+11,175,0,9113.62
1069,27-07-2023,Misc,3.21E+11,150,0,8963.62
1070,27-07-2023,Food,3.21E+11,20,0,8943.62
1071,27-07-2023,Food,3.21E+11,30,0,8913.62
1072,27-07-2023,Misc,3.21E+11,5,0,8908.62
1073,27-07-2023,Shopping,3.57E+11,199,0,8709.62
1074,27-07-2023,Food,3.21E+11,75,0,8634.62
1075,27-07-2023,Food,3.21E+11,20,0,8614.62
1076,28-07-2023,Food,3.58E+11,30,0,8584.62
1077,28-07-2023,Food,3.21E+11,23,0,8561.62
1078,28-07-2023,Food,3.21E+11,10,0,8551.62
1079,28-07-2023,Food,3.21E+11,60,0,8491.62
1080,29-07-2023,Food,3.21E+11,50,0,8441.62
1081,29-07-2023,Food,3.21E+11,40,0,8401.62
1082,29-07-2023,Misc,3.21E+11,160,0,8241.62
1083,29-07-2023,Misc,3.21E+11,320,0,7921.62
1084,30-07-2023,Food,3.21E+11,50,0,7871.62
1085,30-07-2023,Misc,3.21E+11,170,0,7701.62
1086,30-07-2023,Food,3.21E+11,20,0,7681.62
1087,30-07-2023,Food,3.21E+11,30,0,7651.62
1088,30-07-2023,Food,3.21E+11,20,0,7631.62
1089,31-07-2023,Misc,3.21E+11,110,0,7521.62
1090,01-08-2023,Misc,MIR2421393691857,236,0,7285.62
1091,01-08-2023,Food,3.21E+11,15,0,7270.62
1092,01-08-2023,Food,3.21E+11,30,0,7240.62
1093,02-08-2023,Misc,3.21E+11,0,2000,9240.62
1094,02-08-2023,Rent,3.21E+11,7459,0,1781.62
1095,02-08-2023,Misc,3.21E+11,243,0,1538.62
1096,02-08-2023,Misc,3.21E+11,999,0,539.62
1097,02-08-2023,Food,3.21E+11,10,0,529.62
1098,02-08-2023,Food,3.21E+11,90,0,439.62
1099,02-08-2023,Food,3.21E+11,24,0,415.62
1100,02-08-2023,Misc,3.21E+11,6,0,409.62
1101,02-08-2023,Misc,3.21E+11,140,0,269.62
1102,02-08-2023,Food,3.21E+11,30,0,239.62
1103,03-08-2023,Food,3.58E+11,55,0,184.62
1104,03-08-2023,Food,3.22E+11,40,0,144.62
1105,03-08-2023,Food,3.22E+11,40,0,104.62
1106,03-08-2023,Food,3.22E+11,40,0,64.62
1107,04-08-2023,Food,3.22E+11,20,0,44.62
1108,05-08-2023,Misc,3.58E+11,0,13000,13044.62
1109,05-08-2023,Misc,3.22E+11,13000,0,44.62
1110,11-08-2023,Misc,3.22E+11,0,1000,1044.62
1111,11-08-2023,Food,3.22E+11,85,0,959.62
1112,11-08-2023,Food,3.22E+11,30,0,929.62
1113,11-08-2023,Food,3.22E+11,50,0,879.62
1114,11-08-2023,Misc,3.22E+11,179,0,700.62
1115,11-08-2023,Food,3.59E+11,10,0,690.62
1116,11-08-2023,Food,3.59E+11,60,0,630.62
1117,12-08-2023,Misc,3.22E+11,393,0,237.62
1118,12-08-2023,Food,3.22E+11,30,0,207.62
1119,12-08-2023,Food,3.22E+11,66,0,141.62
1120,13-08-2023,Misc,3.23E+11,0,2000,2141.62
1121,13-08-2023,Food,3.23E+11,80,0,2061.62
1122,13-08-2023,Food,3.23E+11,50,0,2011.62
1123,13-08-2023,Misc,3.23E+11,130,0,1881.62
1124,13-08-2023,Misc,3.23E+11,189,0,1692.62
1125,13-08-2023,Food,3.23E+11,30,0,1662.62
1126,13-08-2023,Misc,3.23E+11,500,0,1162.62
1127,13-08-2023,Food,3.23E+11,10,0,1152.62
1128,14-08-2023,Food,3.23E+11,99,0,1053.62
1129,14-08-2023,Food,3.23E+11,50,0,1003.62
1130,14-08-2023,Food,3.23E+11,50,0,953.62
1131,14-08-2023,Misc,3.23E+11,358,0,595.62
1132,14-08-2023,Food,3.23E+11,30,0,565.62
1133,15-08-2023,Food,3.23E+11,20,0,545.62
1134,15-08-2023,Food,3.23E+11,40,0,505.62
1135,15-08-2023,Food,3.23E+11,30,0,475.62
1136,15-08-2023,Misc,3.23E+11,0,25,500.62
1137,16-08-2023,Food,3.23E+11,60,0,440.62
1138,16-08-2023,Food,3.23E+11,10,0,430.62
1139,16-08-2023,Food,3.23E+11,40,0,390.62
1140,16-08-2023,Food,3.23E+11,42,0,348.62
1141,16-08-2023,Misc,3.23E+11,230,0,118.62
1142,16-08-2023,Food,3.23E+11,40,0,78.62
1143,17-08-2023,Food,3.23E+11,50,0,28.62
1144,17-08-2023,Misc,3.23E+11,0,1500,1528.62
1145,17-08-2023,Misc,3.23E+11,1000,0,528.62
1146,17-08-2023,Food,3.23E+11,50,0,478.62
1147,17-08-2023,Food,3.60E+11,161.55,0,317.07
1148,18-08-2023,Food,3.23E+11,60,0,257.07
1149,18-08-2023,Food,3.23E+11,40,0,217.07
1150,18-08-2023,Food,3.60E+11,67.2,0,149.87
1151,18-08-2023,Food,3.23E+11,20,0,129.87
1152,18-08-2023,Misc,3.23E+11,0,1000,1129.87
1153,18-08-2023,Food,3.23E+11,86,0,1043.87
1154,18-08-2023,Misc,3.60E+11,276,0,767.87
1155,18-08-2023,Food,3.23E+11,50,0,717.87
1156,19-08-2023,Misc,3.23E+11,390,0,327.87
1157,19-08-2023,Food,3.23E+11,40,0,287.87
1158,19-08-2023,Misc,3.23E+11,0,1000,1287.87
1159,19-08-2023,Food,3.23E+11,50,0,1237.87
1160,19-08-2023,Food,3.23E+11,40,0,1197.87
1161,20-08-2023,Food,3.23E+11,20,0,1177.87
1162,20-08-2023,Food,3.23E+11,30,0,1147.87
1163,20-08-2023,Food,3.23E+11,60,0,1087.87
1164,20-08-2023,Food,3.23E+11,60,0,1027.87
1165,20-08-2023,Misc,3.23E+11,5,0,1022.87
1166,20-08-2023,Food,3.60E+11,174.95,0,847.92
1167,20-08-2023,Food,3.23E+11,40,0,807.92
1168,20-08-2023,Misc,3.23E+11,400,0,407.92
1169,20-08-2023,Food,3.23E+11,20,0,387.92
1170,21-08-2023,Misc,3.23E+11,160,0,227.92
1171,21-08-2023,Food,3.23E+11,50,0,177.92
1172,21-08-2023,Food,3.23E+11,22,0,155.92
1173,21-08-2023,Food,3.60E+11,75,0,80.92
1174,21-08-2023,Food,3.23E+11,40,0,40.92
1175,22-08-2023,Misc,3.23E+11,0,1000,1040.92
1176,22-08-2023,Food,3.60E+11,70,0,970.92
1177,22-08-2023,Misc,3.23E+11,0,70,1040.92
1178,22-08-2023,Food,3.60E+11,55,0,985.92
1179,22-08-2023,Food,3.23E+11,50,0,935.92
1180,22-08-2023,Food,3.23E+11,10,0,925.92
1181,22-08-2023,Food,3.23E+11,38,0,887.92
1182,22-08-2023,Food,3.23E+11,20,0,867.92
1183,23-08-2023,Food,3.60E+11,28,0,839.92
1184,23-08-2023,Food,3.24E+11,23,0,816.92
1185,23-08-2023,Food,3.24E+11,30,0,786.92
1186,23-08-2023,Food,3.24E+11,50,0,736.92
1187,23-08-2023,Food,3.24E+11,30,0,706.92
1188,23-08-2023,Misc,3.24E+11,200,0,506.92
1189,24-08-2023,Food,3.24E+11,201,0,305.92
1190,24-08-2023,Food,3.24E+11,100,0,205.92
1191,24-08-2023,Food,3.24E+11,50,0,155.92
1192,24-08-2023,Food,3.24E+11,59,0,96.92
1193,24-08-2023,Food,3.24E+11,50,0,46.92
1194,25-08-2023,Salary,CHASV23235906561,0,34800,34846.92
1195,25-08-2023,Misc,3.60E+11,5000,0,29846.92
1196,25-08-2023,Misc,3.60E+11,8000,0,21846.92
1197,25-08-2023,Misc,3.60E+11,1000,0,20846.92
1198,25-08-2023,Misc,3.60E+11,1000,0,19846.92
1199,25-08-2023,Food,3.24E+11,34,0,19812.92
1200,25-08-2023,Misc,3.24E+11,1000,0,18812.92
1201,25-08-2023,Misc,3.24E+11,380,0,18432.92
1202,25-08-2023,Misc,3.60E+11,0,140,18572.92
1203,25-08-2023,Food,3.24E+11,100,0,18472.92
1204,25-08-2023,Misc,3.24E+11,1720,0,16752.92
1205,25-08-2023,Misc,3.24E+11,200,0,16552.92
1206,25-08-2023,Misc,3.24E+11,188,0,16364.92
1207,25-08-2023,Food,3.24E+11,40,0,16324.92
1208,25-08-2023,Food,3.24E+11,70,0,16254.92
1209,25-08-2023,Misc,3.60E+11,0,15,16269.92
1210,25-08-2023,Food,3.24E+11,50,0,16219.92
1211,26-08-2023,Misc,3.24E+11,120,0,16099.92
1212,26-08-2023,Food,3.24E+11,30,0,16069.92
1213,26-08-2023,Misc,3.24E+11,430,0,15639.92
1214,26-08-2023,Misc,3.60E+11,0,70,15709.92
1215,26-08-2023,Misc,3.24E+11,112,0,15597.92
1216,26-08-2023,Misc,3.60E+11,0,10,15607.92
1217,26-08-2023,Misc,3.24E+11,118,0,15489.92
1218,26-08-2023,Food,3.24E+11,10,0,15479.92
1219,26-08-2023,Misc,3.24E+11,1000,0,14479.92
1220,26-08-2023,Food,3.60E+11,188.2,0,14291.72
1221,26-08-2023,Food,3.60E+11,40,0,14251.72
1222,27-08-2023,Misc,3.24E+11,199,0,14052.72
1223,27-08-2023,Food,3.24E+11,30,0,14022.72
1224,27-08-2023,Food,3.24E+11,58,0,13964.72
1225,27-08-2023,Misc,3.61E+11,0,12,13976.72
1226,27-08-2023,Food,3.24E+11,100,0,13876.72
1227,27-08-2023,Food,3.24E+11,50,0,13826.72
1228,28-08-2023,Food,3.24E+11,203.66,0,13623.06
1229,28-08-2023,Misc,3.61E+11,105,0,13518.06
1230,28-08-2023,Food,3.24E+11,40,0,13478.06
1231,29-08-2023,Misc,3.24E+11,5,0,13473.06
1232,29-08-2023,Food,3.61E+11,23,0,13450.06
1233,29-08-2023,Food,3.24E+11,30,0,13420.06
1234,29-08-2023,Food,3.24E+11,43,0,13377.06
1235,29-08-2023,Food,3.24E+11,10,0,13367.06
1236,29-08-2023,Food,3.61E+11,185.2,0,13181.86
1237,30-08-2023,Misc,3.61E+11,110,0,13071.86
1238,30-08-2023,Misc,3.24E+11,0,55,13126.86
1239,30-08-2023,Food,3.24E+11,40,0,13086.86
1240,30-08-2023,Food,3.61E+11,100,0,12986.86
1241,30-08-2023,Food,3.24E+11,40,0,12946.86
1242,31-08-2023,Food,3.24E+11,30,0,12916.86
1243,31-08-2023,Food,3.61E+11,100,0,12816.86
1244,31-08-2023,Food,3.24E+11,30,0,12786.86
1245,31-08-2023,Misc,3.24E+11,0,20000,32786.86
1246,31-08-2023,Misc,3.24E+11,20000,0,12786.86
1247,31-08-2023,Misc,3.24E+11,440,0,12346.86
1248,01-09-2023,Rent,3.24E+11,7310,0,5036.86
1249,01-09-2023,Misc,3.24E+11,110,0,4926.86
1250,01-09-2023,Food,3.24E+11,20,0,4906.86
1251,01-09-2023,Food,3.24E+11,30,0,4876.86
1252,01-09-2023,Misc,3.24E+11,447,0,4429.86
1253,01-09-2023,Food,3.24E+11,52,0,4377.86
1254,01-09-2023,Food,3.24E+11,20,0,4357.86
1255,02-09-2023,Food,3.61E+11,188.2,0,4169.66
1256,02-09-2023,Food,3.25E+11,50,0,4119.66
1257,02-09-2023,Food,3.61E+11,136.76,0,3982.9
1258,02-09-2023,Food,3.25E+11,0,136.76,4119.66
1259,03-09-2023,Food,3.25E+11,30,0,4089.66
1260,03-09-2023,Food,3.25E+11,36,0,4053.66
1261,03-09-2023,Food,3.25E+11,60,0,3993.66
1262,03-09-2023,Food,3.25E+11,20,0,3973.66
1263,04-09-2023,Food,3.25E+11,30,0,3943.66
1264,04-09-2023,Food,3.25E+11,55,0,3888.66
1265,04-09-2023,Misc,3.25E+11,250,0,3638.66
1266,04-09-2023,Food,3.25E+11,30,0,3608.66
1267,05-09-2023,Food,3.25E+11,80,0,3528.66
1268,05-09-2023,Food,3.25E+11,50,0,3478.66
1269,05-09-2023,Misc,3.61E+11,1000,0,2478.66
1270,06-09-2023,Food,3.62E+11,55,0,2423.66
1271,06-09-2023,Food,3.25E+11,40,0,2383.66
1272,06-09-2023,Food,3.62E+11,217.95,0,2165.71
1273,06-09-2023,Food,3.25E+11,60,0,2105.71
1274,07-09-2023,Misc,3.25E+11,170,0,1935.71
1275,07-09-2023,Misc,3.25E+11,200,0,1735.71
1276,07-09-2023,Food,3.25E+11,40,0,1695.71
1277,07-09-2023,Food,3.25E+11,80,0,1615.71
1278,07-09-2023,Food,3.25E+11,85,0,1530.71
1279,08-09-2023,Food,3.25E+11,25,0,1505.71
1280,08-09-2023,Food,3.25E+11,40,0,1465.71
1281,08-09-2023,Misc,3.25E+11,0,80,1545.71
1282,08-09-2023,Misc,3.62E+11,190,0,1355.71
1283,09-09-2023,Misc,3.25E+11,279.5,0,1076.21
1284,09-09-2023,Food,3.25E+11,52,0,1024.21
1285,09-09-2023,Food,3.25E+11,30,0,994.21
1286,09-09-2023,Food,3.25E+11,10,0,984.21
1287,09-09-2023,Food,3.25E+11,40,0,944.21
1288,10-09-2023,Food,3.25E+11,230.7,0,713.51
1289,10-09-2023,Food,3.25E+11,54,0,659.51
1290,10-09-2023,Misc,3.62E+11,0,500,1159.51
1291,10-09-2023,Food,3.62E+11,426.94,0,732.57
1292,11-09-2023,Food,3.25E+11,192.24,0,540.33
1293,11-09-2023,Food,3.25E+11,55,0,485.33
1294,11-09-2023,Food,3.25E+11,80,0,405.33
1295,11-09-2023,Food,3.25E+11,20,0,385.33
1296,11-09-2023,Food,3.25E+11,10,0,375.33
1297,11-09-2023,Food,3.25E+11,10,0,365.33
1298,11-09-2023,Misc,3.25E+11,125,0,240.33
1299,12-09-2023,Food,3.26E+11,30,0,210.33
1300,12-09-2023,Food,3.26E+11,55,0,155.33
1301,12-09-2023,Food,3.26E+11,40,0,115.33
1302,12-09-2023,Food,3.26E+11,60,0,55.33
1303,12-09-2023,Food,3.26E+11,10,0,45.33
1304,13-09-2023,Food,3.62E+11,23,0,22.33
1305,16-09-2023,Food,3.26E+11,10,0,12.33
1306,23-09-2023,Misc,3.27E+11,0,1000,1012.33
1307,23-09-2023,Misc,3.27E+11,300.1,0,712.23
1308,23-09-2023,Misc,3.27E+11,700,0,12.23
1309,25-09-2023,Salary,CHASH26441571950,0,34800,34812.23
1310,25-09-2023,Misc,3.27E+11,7451,0,27361.23
1311,25-09-2023,Misc,3.63E+11,0,7152,34513.23
1312,25-09-2023,Misc,3.27E+11,8624,0,25889.23
1313,25-09-2023,Misc,3.63E+11,10000,0,15889.23
1314,25-09-2023,Misc,3.63E+11,2313,0,13576.23
1315,25-09-2023,Misc,3.63E+11,7500,0,6076.23
1316,25-09-2023,Misc,3.27E+11,120,0,5956.23
1317,25-09-2023,Food,3.27E+11,36,0,5920.23
1318,25-09-2023,Food,3.27E+11,40,0,5880.23
1319,25-09-2023,Misc,3.63E+11,275,0,5605.23
1320,25-09-2023,Misc,3.27E+11,329,0,5276.23
1321,26-09-2023,Food,3.27E+11,36,0,5240.23
1322,26-09-2023,Food,3.27E+11,10,0,5230.23
1323,26-09-2023,Food,3.27E+11,50,0,5180.23
1324,26-09-2023,Food,3.64E+11,159.56,0,5020.67
1325,26-09-2023,Misc,3.27E+11,1000,0,4020.67
1326,27-09-2023,Food,3.64E+11,55,0,3965.67
1327,27-09-2023,Food,3.27E+11,50,0,3915.67
1328,28-09-2023,Food,3.64E+11,100,0,3815.67
1329,28-09-2023,Food,3.27E+11,40,0,3775.67
1330,28-09-2023,Food,3.64E+11,155.5,0,3620.17
1331,28-09-2023,Misc,3.27E+11,240,0,3380.17
1332,28-09-2023,Misc,3.27E+11,247,0,3133.17
1333,29-09-2023,Food,3.27E+11,48,0,3085.17
1334,29-09-2023,Food,3.27E+11,20,0,3065.17
1335,29-09-2023,Misc,3.27E+11,880,0,2185.17
1336,30-09-2023,Misc,3.27E+11,110,0,2075.17
1337,30-09-2023,Food,3.27E+11,10,0,2065.17
1338,30-09-2023,Misc,3.27E+11,183.85,0,1881.32
1339,30-09-2023,Food,3.27E+11,50,0,1831.32
1340,01-10-2023,Misc,0,0,20,1851.32
1341,01-10-2023,Food,3.27E+11,20,0,1831.32
1342,01-10-2023,Food,3.27E+11,20,0,1811.32
1343,01-10-2023,Food,3.27E+11,25,0,1786.32
1344,01-10-2023,Food,3.27E+11,50,0,1736.32
1345,01-10-2023,Food,3.27E+11,85,0,1651.32
1346,02-10-2023,Food,3.27E+11,10,0,1641.32
1347,02-10-2023,Food,3.28E+11,49,0,1592.32
1348,02-10-2023,Food,3.64E+11,30,0,1562.32
1349,02-10-2023,Food,3.28E+11,49,0,1513.32
1350,02-10-2023,Food,3.28E+11,80,0,1433.32
1351,02-10-2023,Food,3.28E+11,30,0,1403.32
1352,02-10-2023,Misc,3.28E+11,470,0,933.32
1353,03-10-2023,Food,3.28E+11,19,0,914.32
1354,03-10-2023,Misc,3.28E+11,130,0,784.32
1355,03-10-2023,Food,3.64E+11,188.74,0,595.58
1356,03-10-2023,Food,3.28E+11,48,0,547.58
1357,03-10-2023,Food,3.28E+11,10,0,537.58
1358,03-10-2023,Misc,3.28E+11,0,385,922.58
1359,03-10-2023,Misc,3.28E+11,680,0,242.58
1360,03-10-2023,Misc,3.28E+11,0,43,285.58
1361,03-10-2023,Misc,3.64E+11,0,1000,1285.58
1362,03-10-2023,Misc,3.28E+11,370,0,915.58
1363,04-10-2023,Food,3.64E+11,80,0,835.58
1364,04-10-2023,Food,3.64E+11,45,0,790.58
1365,04-10-2023,Misc,3.28E+11,120,0,670.58
1366,04-10-2023,Food,3.28E+11,12,0,658.58
1367,05-10-2023,Food,3.28E+11,35,0,623.58
1368,05-10-2023,Food,3.64E+11,70,0,553.58
1369,05-10-2023,Food,3.64E+11,75,0,478.58
1370,06-10-2023,Food,3.28E+11,33,0,445.58
1371,06-10-2023,Food,3.28E+11,95,0,350.58
1372,07-10-2023,Food,3.28E+11,87.69,0,262.89
1373,07-10-2023,Misc,3.65E+11,184,0,78.89
1374,09-10-2023,Misc,3.28E+11,0,1000,1078.89
1375,09-10-2023,Food,3.28E+11,79,0,999.89
1376,10-10-2023,Food,3.28E+11,50,0,949.89
1377,10-10-2023,Food,3.65E+11,42,0,907.89
1378,11-10-2023,Food,3.65E+11,80,0,827.89
1379,12-10-2023,Food,3.65E+11,70,0,757.89
1380,13-10-2023,Food,3.29E+11,36,0,721.89
1381,13-10-2023,Misc,3.65E+11,270,0,451.89
1382,14-10-2023,Food,3.29E+11,24,0,427.89
1383,14-10-2023,Misc,3.29E+11,0,270,697.89
1384,16-10-2023,Misc,3.29E+11,291,0,406.89
1385,16-10-2023,Misc,3.66E+11,0,3500,3906.89
1386,16-10-2023,Misc,3.29E+11,1500,0,2406.89
1387,16-10-2023,Misc,3.29E+11,0,286,2692.89
1388,16-10-2023,Misc,3.29E+11,300,0,2392.89
1389,16-10-2023,Misc,3.29E+11,150,0,2242.89
1390,16-10-2023,Food,3.29E+11,40,0,2202.89
1391,16-10-2023,Misc,3.66E+11,248,0,1954.89
1392,16-10-2023,Food,3.66E+11,30,0,1924.89
1393,16-10-2023,Food,3.66E+11,214.74,0,1710.15
1394,17-10-2023,Food,3.29E+11,65,0,1645.15
1395,17-10-2023,Misc,3.29E+11,706,0,939.15
1396,17-10-2023,Misc,3.29E+11,150,0,789.15
1397,17-10-2023,Misc,3.29E+11,234,0,555.15
1398,17-10-2023,Food,3.29E+11,60,0,495.15
1399,18-10-2023,Food,3.29E+11,65,0,430.15
1400,18-10-2023,Food,3.29E+11,10,0,420.15
1401,19-10-2023,Food,3.29E+11,20,0,400.15
1402,20-10-2023,Food,3.29E+11,18,0,382.15
1403,20-10-2023,Food,3.29E+11,25,0,357.15
1404,26-10-2023,Food,3.30E+11,100,0,257.15
1405,26-10-2023,Misc,3.30E+11,0,3150,3407.15
1406,27-10-2023,Misc,3.67E+11,3407,0,0.15
1407,01-11-2023,Misc,3.31E+11,0,500,500.15
1408,01-11-2023,Misc,3.31E+11,500,0,0.15
1409,02-11-2023,Misc,3.31E+11,0,1000,1000.15
1410,02-11-2023,Misc,3.67E+11,1000,0,0.15
1411,02-11-2023,Misc,3.31E+11,0,1000,1000.15
1412,02-11-2023,Misc,3.67E+11,1000,0,0.15
1413,15-11-2023,Misc,CHASH31948851670,0,33209,33209.15
1414,15-11-2023,Misc,3.69E+11,5000,0,28209.15
1415,15-11-2023,Misc,3.69E+11,3500,0,24709.15
1416,15-11-2023,Misc,3.69E+11,20000,0,4709.15
1417,15-11-2023,Misc,3.69E+11,1500,0,3209.15
1418,17-11-2023,Food,3.32E+11,69,0,3140.15
1419,18-11-2023,Food,3.32E+11,100,0,3040.15
1420,18-11-2023,Misc,3.32E+11,116,0,2924.15
1421,20-11-2023,Shopping,3.69E+11,1999,0,925.15
1422,20-11-2023,Shopping,3.69E+11,0,1999,2924.15
1423,22-11-2023,Misc,3.33E+11,150,0,2774.15
1424,22-11-2023,Misc,3.33E+11,150,0,2624.15
1425,24-11-2023,Salary,CHASH32649207986,0,24769,27393.15
1426,24-11-2023,Shopping,3.69E+11,499,0,26894.15
1427,24-11-2023,Misc,3.33E+11,1499,0,25395.15
1428,24-11-2023,Misc,3.69E+11,2000,0,23395.15
1429,25-11-2023,Misc,3.70E+11,21000,0,2395.15
1430,26-11-2023,Food,3.33E+11,223.18,0,2171.97
1431,27-11-2023,Misc,3.33E+11,0,272,2443.97
1432,27-11-2023,Misc,3.70E+11,720,0,1723.97
1433,28-11-2023,Misc,3.70E+11,480,0,1243.97
1434,28-11-2023,Misc,3.70E+11,250,0,993.97
1435,30-11-2023,Misc,3.70E+11,130,0,863.97
1436,30-11-2023,Misc,3.33E+11,0,50,913.97
1437,01-12-2023,Food,3.70E+11,19,0,894.97
1438,02-12-2023,Misc,3.34E+11,200,0,694.97
1439,03-12-2023,Misc,3.34E+11,120,0,574.97
1440,03-12-2023,Misc,3.34E+11,0,7,581.97
1441,03-12-2023,Misc,3.34E+11,0,70,651.97
1442,04-12-2023,Misc,3.34E+11,500,0,151.97
1443,04-12-2023,Misc,3.34E+11,0,500,651.97
1444,04-12-2023,Misc,3.34E+11,450,0,201.97
1445,06-12-2023,Misc,3.71E+11,0,150,351.97
1446,06-12-2023,Food,3.71E+11,60,0,291.97
1447,07-12-2023,Misc,3.34E+11,0,15000,15291.97
1448,09-12-2023,Misc,3.34E+11,15048,0,243.97
1449,10-12-2023,Misc,3.71E+11,0,4000,4243.97
1450,10-12-2023,Transport,3.34E+11,3062,0,1181.97
1451,10-12-2023,Misc,3.71E+11,1000,0,181.97
1452,10-12-2023,Misc,3.34E+11,0,1000,1181.97
1453,11-12-2023,Food,3.71E+11,30,0,1151.97
1454,11-12-2023,Food,3.71E+11,10,0,1141.97
1455,11-12-2023,Food,3.71E+11,30,0,1111.97
1456,11-12-2023,Misc,3.71E+11,220,0,891.97
1457,11-12-2023,Food,3.35E+11,169.29,0,722.68
1458,12-12-2023,Food,3.71E+11,25,0,697.68
1459,12-12-2023,Food,3.71E+11,40,0,657.68
1460,12-12-2023,Food,3.71E+11,20,0,637.68
1461,12-12-2023,Misc,3.35E+11,530,0,107.68
1462,12-12-2023,Food,3.71E+11,35,0,72.68
1463,12-12-2023,Misc,3.35E+11,0,1718,1790.68
1464,12-12-2023,Transport,3.35E+11,1718,0,72.68
1465,13-12-2023,Food,3.71E+11,26,0,46.68
1466,13-12-2023,Food,3.71E+11,15,0,31.68
1467,13-12-2023,Transport,3.35E+11,0,1718,1749.68
1468,13-12-2023,Misc,3.71E+11,1718,0,31.68
1469,01-01-2024,Misc,0,0,8,39.68
